nombre;descripcion;precio;precio_costo;precio_por_docena;tamano;categoria;stock;cantidad_minima
Alcohol en Gel Amare 360ml;Sanitizador alcohol en gel;15.00;10.00;;360ml;Limpieza;0;5
Limpia Baños Gatillo 860ml;Super Activo limpia baños;18.00;12.00;;860ml;Limpieza;0;5
Limpia Baños Recarga 860ml;Super Activo limpia baños;15.00;10.00;;860ml;Limpieza;0;5
Antigrasa Gatillo 860ml;Super Activo antigrasa;18.00;12.00;;860ml;Limpieza;0;5
Antigrasa Recarga 860ml;Super Activo antigrasa;15.00;10.00;;860ml;Limpieza;0;5
Lavandina Cloro 1lt;Activo lavandina cloro;12.00;8.00;;1lt;Limpieza;0;5
Piso Floral 1lt;Super Activo desinfectante de piso;14.00;9.00;;1lt;Limpieza;0;5
Piso Lavanda 1lt;Super Activo desinfectante de piso;14.00;9.00;;1lt;Limpieza;0;5
Piso Pino 1lt;Super Activo desinfectante de piso;12.00;9.00;;1lt;Limpieza;0;5
Lavavajillas Limón 1lt;Super Activo lavavajilla;16.00;11.00;;1lt;Limpieza;0;5
Limpia Vidrios Gatillo 860ml;Super Activo 3D limpia vidrios;18.00;12.00;;860ml;Limpieza;0;5
Limpia Vidrios Recarga 860ml;Super Activo 3D limpia vidrios;15.00;10.00;;860ml;Limpieza;0;5
